"last_name, first_name","player_id","year","n","arm_angle","n_ff_formatted","ff_avg_speed","ff_avg_spin","ff_avg_break_x","ff_avg_break_z_induced","ff_avg_break","ff_range_speed","n_sl_formatted","sl_avg_speed","sl_avg_spin","sl_avg_break_x","sl_avg_break_z_induced","sl_avg_break","sl_range_speed","n_ch_formatted","ch_avg_speed","ch_avg_spin","ch_avg_break_x","ch_avg_break_z_induced","ch_avg_break","ch_range_speed","n_cu_formatted","cu_avg_speed","cu_avg_spin","cu_avg_break_x","cu_avg_break_z_induced","cu_avg_break","cu_range_speed","n_si_formatted","si_avg_speed","si_avg_spin","si_avg_break_x","si_avg_break_z_induced","si_avg_break","si_range_speed","n_fc_formatted","fc_avg_speed","fc_avg_spin","fc_avg_break_x","fc_avg_break_z_induced","fc_avg_break","fc_range_speed","n_fs_formatted","fs_avg_speed","fs_avg_spin","fs_avg_break_x","fs_avg_break_z_induced","fs_avg_break","fs_range_speed","n_st_formatted","st_avg_speed","st_avg_spin","st_avg_break_x","st_avg_break_z_induced","st_avg_break","st_range_speed","n_sv_formatted","sv_avg_speed","sv_avg_spin","sv_avg_break_x","sv_avg_break_z_induced","sv_avg_break","sv_range_speed","n_fo_formatted","fo_avg_speed","fo_avg_spin","fo_avg_break_x","fo_avg_break_z_induced","fo_avg_break","fo_range_speed","n_sc_formatted","sc_avg_speed","sc_avg_spin","sc_avg_break_x","sc_avg_break_z_induced","sc_avg_break","sc_range_speed","n_fastball_formatted","fastball_avg_speed","fastball_avg_spin","fastball_avg_break_x","fastball_avg_break_z_induced","fastball_avg_break","fastball_range_speed","n_breaking_formatted","breaking_avg_speed","breaking_avg_spin","breaking_avg_break_x","breaking_avg_break_z_induced","breaking_avg_break","breaking_range_speed","n_offspeed_formatted","offspeed_avg_speed","offspeed_avg_spin","offspeed_avg_break_x","offspeed_avg_break_z_induced","offspeed_avg_break","offspeed_range_speed"
"Morton, Charlie","450203","2024","2791",20.8,"28.9","94.1","2249","-13.6","10.5","17.3","1.2",,,,,,,,"11","85","2172","-17.2","0.2","17.3","1.3","42.4","81.5","3085","13.6","-8.9","16.5","1.1","9.9","93.5","2128","-17.2","3.4","17.7","1.2","7.8","88.5","2445","0","5.7","6.1","1.4",,,,,,,,,,,,,,,,,,,,,,,,,,,,,,,,,,,,"46.6","93","2256","-12.1","8.2","15.5","2.7","42.4","81.5","3085","13.6","-8.9","16.5","1.1","11","85","2172","-17.2","0.2","17.3","1.3"
"Lynn, Lance","458681","2024","2039",32,"47.2","92.3","2454","-4.1","13","13.9","1.5",,,,,,,,"6.3","84.8","1761","-13.9","7.1","15.8","1.6","6.2","80.4","2527","6.7","-8.5","11.2","1.5","16.7","91.2","2380","-13","8.4","15.7","1.5","22.3","88.1","2647","1.7","5.6","6.3","1.7",,,,,,,,"1.3","82","2694","14.6","-0.3","14.9","1.5",,,,,,,,,,,,,,,,,,,,,,"86.2","91","2489","-4.3","10.2","12.3","2.5","7.5","80.6","2555","8.1","-7.1","11.8","1.6","6.3","84.8","1761","-13.9","7.1","15.8","1.6"
"Quintana, Jose","500779","2024","2819",44.6,"22.5","90.7","2074","3.9","16.2","16.8","1.2",,,,,,,,"19.3","85.7","1323","14.3","4.3","15.2","1.1","21.9","77.6","2227","-6.9","-8","10.7","1","30.4","90.8","2063","13.9","12.8","19","1.1",,,,,,,,,,,,,,,,,,,,,,"6","77.9","2258","-10.1","-1.7","10.5","1.1",,,,,,,,,,,,,,,"52.9","90.7","2068","9.6","14.3","18.1","1.1","27.8","77.7","2234","-7.6","-6.7","10.6","1","19.3","85.7","1323","14.3","4.3","15.2","1.1"
"Gibson, Kyle","502043","2024","2764",45.1,"13.2","91.4","2232","-4.5","16","16.7","1.3",,,,,,,,"9.9","84.9","1712","-12.7","4.6","13.6","1.4","8.6","78.3","2378","6.4","-9.5","11.6","1.4","26.4","90.7","2027","-13.2","7.5","15.3","1.4","21.1","88.6","2336","2.7","8.8","9.5","1.5",,,,,,,,"20.7","80.7","2401","12.5","-0.4","12.9","1.2",,,,,,,,,,,,,,,,,,,,,,"60.7","90.1","2180","-5.8","9.8","13.6","1.9","29.3","80","2395","10.7","-3.1","12.5","1.7","9.9","84.9","1712","-12.7","4.6","13.6","1.4"
"Sale, Chris","519242","2024","2815",10.9,"37.8","94.8","2240","14.9","10.2","18.1","1.8","40.3","78.6","2334","-11","-4.7","12.1","2.4","14.7","87.1","1886","16.2","0.3","16.3","2.1",,,,,,,,"7.2","94.2","2102","17.7","2.8","18","1.8",,,,,,,,,,,,,,,,,,,,,,,,,,,,,,,,,,,,,,,,,,,"45","94.7","2218","15.3","9","18.1","1.8","40.3","78.6","2334","-11","-4.7","12.1","2.4","14.7","87.1","1886","16.2","0.3","16.3","2.1"
"Pérez, Martín","527048","2024","2204",47,"5.4","91.3","2065","10.9","14.8","18.5","1.5","0","82.8","2243","-2.8","5.7","6.3",,"22.7","83.4","1672","14.4","8.2","16.7","1.2","14.1","77.9","2454","-3.5","-4.3","5.8","1.5","35.7","90.7","1969","16.2","10","19.1","1.3","22.1","87.9","2206","0.9","12.2","12.5","1.7",,,,,,,,,,,,,,,,,,,,,,,,,,,,,,,,,,,,"63.2","89.8","2060","10.4","11.1","16.7","2.1","14.1","77.9","2453","-3.5","-4.2","5.8","1.5","22.7","83.4","1672","14.4","8.2","16.7","1.2"
"Anderson, Tyler","542881","2024","2914",57.7,"39.6","89.4","2196","4.1","19.7","20.2","1.4","1.3","81.3","2368","-3.8","4.7","6.5","1.5","37.1","78.9","1886","12.5","12.4","17.8","1.4","0.1","71.6","2146","-1.2","-10.3","10.4","1.6","3.3","88.1","2195","17.4","8.7","19.7","1.6","18.5","84.3","2328","-3.7","11.5","12.3","1.8",,,,,,,,,,,,,,,,,,,,,,,,,,,,,,,,,,,,"61.5","87.8","2236","2.5","16.6","17.8","3.1","1.4","80.6","2351","-3.6","3.6","6.8","2.4","37.1","78.9","1886","12.5","12.4","17.8","1.4"
"Eovaldi, Nathan","543135","2024","2622",32.6,"37.4","95.4","2188","-13.8","11.7","18.2","1.3","3.3","86.3","2142","5","2.6","6.4","1.9",,,,,,,,"13.7","76.7","1933","9.2","-7.4","12.2","1.7",,,,,,,,"14.8","91.4","2275","0.7","9","9.2","1.4","30.8","88.4","1599","-13.5","0.4","13.7","1.5",,,,,,,,,,,,,,,,,,,,,,,,,,,,,"52.2","94.3","2213","-9.7","10.9","15.7","2.4","17","78.6","1974","8.3","-5.4","11","4.5","30.8","88.4","1599","-13.5","0.4","13.7","1.5"
"Gray, Sonny","543243","2024","2483",48.9,"23.9","92.4","2514","1.2","12","12.2","0.9",,,,,,,,"6.4","88.3","1704","-11.2","5.2","12.6","1.3","13.9","79.9","2646","12.1","-14.6","19.1","1.3","17.8","92.7","2384","-11.4","8.3","14.3","1.2","17.8","87.7","2708","5.5","0.8","6.3","1.5",,,,,,,,"20.1","84.8","2691","15.9","-5.6","17","1",,,,,,,,,,,,,,,,,,,,,,"59.5","91.1","2533","-1.3","7.6","11.1","2.8","34.1","82.8","2672","14.3","-9.3","17.9","2.9","6.4","88.3","1704","-11.2","5.2","12.6","1.3"
"Hendricks, Kyle","543294","2024","2135",43,"12.7","87.7","2087","-6","14.4","15.7","1.1",,,,,,,,"38.7","80.9","2170","-10.6","8.2","14.6","1.1","13.1","74.3","2976","14.9","-10.5","18.4","1.3","35.5","87.6","2010","-13.4","7.1","15.3","1.1",,,,,,,,,,,,,,,,,,,,,,,,,,,,,,,,,,,,,,,,,,,"48.2","87.6","2030","-11.4","9","15.4","1.1","13.1","74.3","2976","14.9","-10.5","18.4","1.3","38.7","80.9","2170","-10.6","8.2","14.6","1.1"
"Suárez, Albert","544150","2024","2233",40,"50","94.8","2385","-7","16.4","18.1","1.2",,,,,,,,"17.2","86.1","2017","-16.3","7.9","18.2","1.1","13.3","79","2357","5.7","-6.9","9.3","1.6",,,,,,,,"19.5","86.3","2198","2.7","7.9","8.8","1.3",,,,,,,,,,,,,,,,,,,,,,,,,,,,,,,,,,,,"69.5","92.4","2333","-4.3","14","15.5","4.5","13.3","79","2357","5.7","-6.9","9.3","1.6","17.2","86.1","2017","-16.3","7.9","18.2","1.1"
"Lorenzen, Michael","547179","2024","2092",42.6,"27.2","93.8","2385","-10.6","15.6","19","1.3","8.8","85.2","2668","3.6","-2","4.9","1.9","18.8","84.6","2020","-15.6","9.2","18.2","1.2","7.9","81.7","2609","4","-13.6","14.3","1.4","21.2","93.6","2251","-16.1","9.8","19","1.3","10","90.1","2571","0.3","7.9","8.2","1.4",,,,,,,,"6.1","82","2631","13.4","-0.2","13.7","1.4",,,,,,,,,,,,,,,,,,,,,,"58.4","93.1","2368","-10.7","12.2","17.1","2","22.8","83.1","2638","6.4","-5.5","10.5","2.4","18.8","84.6","2020","-15.6","9.2","18.2","1.2"
"Wheeler, Zack","554430","2024","3134",24.6,"41.4","95.3","2431","-9.5","14.6","17.6","1.2",,,,,,,,,,,,,,,"10.1","81.8","2716","8.6","-9","12.5","1.3","19","94.6","2271","-17.3","6.7","18.6","1.2","9.6","91.1","2531","0.9","8.4","8.9","1.5","7.3","86.2","1555","-12.8","5.4","14","1.5","12.5","85","2572","9.9","4","11.2","1.6",,,,,,,,,,,,,,,,,,,,,,"70","94.5","2401","-10.2","11.6","16.7","2","22.6","83.5","2636","9.3","-1.8","11.8","2.3","7.3","86.2","1555","-12.8","5.4","14","1.5"
"Corbin, Patrick","571578","2024","2888",38.5,"7.6","91.3","2128","8.3","14","16.4","1.2","34.3","80","2202","-2.7","0.3","3.4","3.2","3.4","81","1570","12.7","9.8","16.3","1.9","1.7","69.7","1934","-2.9","-0.7","3.5","2.4","33.8","91.5","2085","14.1","10.9","17.9","1.1","19.2","85.7","2296","-2.1","4.6","5.6","2.3",,,,,,,,,,,,,,,,,,,,,,,,,,,,,,,,,,,,"60.6","89.6","2157","8.2","9.3","13.8","3.4","36","79.5","2189","-2.8","0.3","3.4","4","3.4","81","1570","12.7","9.8","16.3","1.9"
"Heaney, Andrew","571760","2024","2731",29.5,"50.1","91.5","2401","15.7","13.9","21","1.2","27.8","82.5","2513","-2.3","1.2","4.2","1.6","17","83.7","2106","17.4","5.6","18.4","1.2","3.6","75.6","2540","-9.2","-6.6","11.5","1.8","1.4","92.2","2408","17.8","8.2","19.8","1.2","0.1","86.6","2315","5.3","5.5","8.1","1.4",,,,,,,,,,,,,,,,,,,,,,,,,,,,,,,,,,,,"51.6","91.6","2401","15.7","13.7","20.9","1.2","31.5","81.7","2516","-3.1","0.3","5.1","2.9","17","83.7","2106","17.4","5.6","18.4","1.2"
"Mikolas, Miles","571945","2024","2703",43.3,"27.9","93.2","2253","-6.2","13.7","15.2","1.4","24.2","86.5","2322","3.3","3.1","5.1","1.8","8.5","85.6","1676","-14.2","6.5","15.9","2.2","12.1","76.3","2520","7.9","-14.1","16.3","2.4","23.2","92.4","2154","-13.9","9.5","17.1","1.3",,,,,,,,,,,,,,,"4.1","80.8","2385","12.5","-1.4","12.9","1.3",,,,,,,,,,,,,,,,,,,,,,"51","92.8","2208","-9.7","11.8","16.1","1.4","40.5","82.9","2388","5.6","-2.5","9.3","5.5","8.5","85.6","1676","-14.2","6.5","15.9","2.2"
"Stroman, Marcus","573186","2024","2657",32.5,"3.2","89.9","2300","-6.5","10.9","13","1.2","16","85.3","2654","4.5","-2.2","5.6","1.3",,,,,,,,"2.6","76.2","2511","15.2","-5.9","16.7","1.6","35.1","90","2243","-9.9","3.2","10.7","0.9","18.3","88.1","2531","1","5.8","6.5","1.2","11","83.3","1916","-14.9","3.9","15.6","1.5",,,,,,,,"13.9","82.2","2660","15.7","-1.1","16","1.1",,,,,,,,,,,,,,,"56.5","89.4","2340","-6.2","4.4","9.5","1.4","32.4","83.3","2645","10.1","-2","10.9","3.1","11","83.3","1916","-14.9","3.9","15.6","1.5"
"Kikuchi, Yusei","579328","2024","2923",41.9,"47","95.5","2289","7.9","16.9","18.8","1.3","23.6","88.3","2396","-2.7","3.3","4.9","1.9","11.1","86.8","1655","12.7","8.6","15.6","2","18.3","82.4","2469","-4.8","-4.6","7","2.3",,,,,,,,,,,,,,,,,,,,,,,,,,,,,,,,,,,,,,,,,,,,,,,,,,"47","95.5","2289","7.9","16.9","18.8","1.3","41.9","85.7","2428","-3.6","-0.1","5.8","3.9","11.1","86.8","1655","12.7","8.6","15.6","2"
"Gausman, Kevin","592332","2024","2868",36.2,"52.8","93.9","2287","-10.8","17","20.2","2","8.4","82.7","2239","1.3","3.8","4.4","2.1",,,,,,,,,,,,,,,"5.4","93.3","2175","-15.6","12","19.8","1.8",,,,,,,,"33.4","86","1764","-15.9","6.3","17.4","2.1",,,,,,,,,,,,,,,,,,,,,,,,,,,,,"58.2","93.9","2276","-11.2","16.5","20.2","2","8.4","82.7","2239","1.3","3.8","4.4","2.1","33.4","86","1764","-15.9","6.3","17.4","2.1"
"Taillon, Jameson","592791","2024","2483",45,"29.6","92.3","2282","-6.9","16.1","17.6","0.9",,,,,,,,"4.3","86","1899","-14.2","9.8","17.4","1.2","14.7","79.5","2692","9.9","-10.7","14.8","1.3","10.9","92.5","2251","-12.9","13.8","19","1","25.1","86.5","2526","5.5","8.1","10.2","1.2",,,,,,,,"15.5","80.4","2733","15.6","0.3","15.9","1.3",,,,,,,,,,,,,,,,,,,,,,"65.6","90.1","2370","-3.1","12.6","15","3.4","30.2","80","2713","12.8","-5.1","15.4","1.4","4.3","86","1899","-14.2","9.8","17.4","1.2"
"Montas, Frankie","593423","2024","2633",42.7,"33.2","95.6","2386","-5.1","15.3","16.3","1.5","10.7","85.4","2523","7.5","3.5","9","1.6",,,,,,,,,,,,,,,"19.1","94.8","2256","-13.9","9.3","16.8","1.4","18.7","90.4","2427","1.9","5.8","6.4","1.5","18.3","86","1515","-9.4","2.4","9.9","1.3",,,,,,,,,,,,,,,,,,,,,,,,,,,,,"71","94","2362","-5.6","11.2","13.8","2.9","10.7","85.4","2523","7.5","3.5","9","1.6","18.3","86","1515","-9.4","2.4","9.9","1.3"
"Lively, Ben","594902","2024","2406",37.7,"31.4","89.9","2005","-8.5","15.3","17.6","1.1","4.9","80.7","1975","6","7.8","10.3","1.4","9.1","83.9","1701","-15","7.4","16.9","1.1","8.8","76.9","1996","9","-5","10.6","1.3","29","90.4","1966","-13.4","11.6","17.8","1.2",,,,,,,,,,,,,,,"16.9","79","2006","10.7","2.7","11.3","1.4",,,,,,,,,,,,,,,,,,,,,,"60.4","90.2","1986","-10.8","13.5","17.7","1.2","30.5","78.7","1998","9.4","1.3","11","1.9","9.1","83.9","1701","-15","7.4","16.9","1.1"
"Gomber, Austin","596295","2024","2621",53.1,"40.3","90.4","2180","7.6","17","18.8","1.5","16.7","83.8","2409","-5.1","3.3","6.4","1.8","20.5","81.1","1664","10.1","10.4","14.6","1.2","22.4","77.6","2555","-7.5","-10.9","13.5","1.8","0.1","90.2","2191","13.8","15","20.4","1.4",,,,,,,,,,,,,,,,,,,,,,,,,,,,,,,,,,,,,,,,,,,"40.4","90.4","2180","7.6","17","18.8","1.5","39.1","80.2","2493","-6.5","-4.9","10.5","3.9","20.5","81.1","1664","10.1","10.4","14.6","1.2"
"Pivetta, Nick","601713","2024","2386",56.4,"48.6","93.9","2311","-4","19.9","20.4","1.3","3.4","83.9","2426","3.6","-5.2","6.8","1.3",,,,,,,,"16.3","80","2814","7.8","-15.2","17.3","1.5",,,,,,,,"5.9","88.3","2342","4.6","6.6","8.5","1.6",,,,,,,,"25.7","82.5","2476","13.6","3.9","14.8","1.9",,,,,,,,,,,,,,,,,,,,,,"54.5","93.3","2314","-3.1","18.5","19.1","2.4","45.5","81.7","2593","10.8","-3.6","15.1","2.2",,,,,,,
"Bassitt, Chris","605135","2024","2959",35.3,"4.5","92.6","2160","-7.6","13","15.3","1.4","4.4","82.5","2376","6.8","-0.8","7.7","2.1","5.3","84.5","1930","-17.2","7.4","18.9","1.6","13.7","71","2290","15.3","-12.5","19.9","1.3","40.7","92.5","2102","-16.5","8.1","18.5","1.3","19.7","89.6","2240","0","9.2","9.6","1.6","4.3","84.1","1241","-13.2","0.3","13.8","1.4","7.4","74.1","2341","17.5","-0.8","17.8","1.5",,,,,,,,,,,,,,,,,,,,,,"64.9","91.6","2148","-10.9","8.8","15.6","2.1","25.5","73.9","2320","14.5","-7.1","17.2","4.9","9.6","84.3","1622","-15.4","4.2","16.6","1.5"
"Nola, Aaron","605400","2024","3189",20.1,"27.8","92.5","2307","-11.9","14.6","19","1.5",,,,,,,,"9.6","85.7","1558","-15.3","3.2","15.8","1.4","32.9","79.1","2604","14","-9.9","17.3","1.2","20.4","91.5","2240","-17","8.6","19.1","1.5","9.2","87.5","2288","-1.3","8.5","8.8","1.4",,,,,,,,,,,,,,,,,,,,,,,,,,,,,,,,,,,,"57.5","91.3","2280","-12","11.5","17.4","2.5","32.9","79.1","2604","14","-9.9","17.3","1.2","9.6","85.7","1558","-15.3","3.2","15.8","1.4"
"Rea, Colin","607067","2024","2650",34.5,"19.3","92.9","2173","-6.5","13.8","15.4","1.3",,,,,,,,,,,,,,,"4.2","78.7","2140","10","-9.4","13.9","1.6","31.1","92.3","2145","-13.9","9.1","16.7","1.3","19.4","87.6","2189","2.1","7.1","7.8","1.5","8.8","86.5","1409","-13.9","4","14.7","1.4","17.2","82","2204","12.8","-0.8","13.2","1.3",,,,,,,,,,,,,,,,,,,,,,"69.8","91.2","2165","-7.4","9.8","13.9","2.9","21.4","81.3","2191","12.2","-2.5","13.3","2","8.8","86.5","1409","-13.9","4","14.7","1.4"
"Rodón, Carlos","607074","2024","3102",45.4,"49.4","95.4","2383","8.8","17.8","20","1.6","26","86.8","2628","-6.6","-1.2","7.4","1.9","12.9","85.5","1656","12.5","3.1","13","1.4","8.3","81","2677","-6.3","-10.6","12.5","1.7",,,,,,,,"3.5","91.8","2399","-0.3","11","11.2","1.8",,,,,,,,,,,,,,,,,,,,,,,,,,,,,,,,,,,,"52.9","95.2","2384","8.2","17.4","19.4","1.9","34.2","85.4","2640","-6.5","-3.5","8.6","3.3","12.9","85.5","1656","12.5","3.1","13","1.4"
"Glasnow, Tyler","607192","2024","2011",57.9,"45","96.3","2559","-0.3","16.3","16.5","1.2","27.7","90","2714","2.5","0.5","4.1","1.6",,,,,,,,"18.6","83.7","2748","3.3","-12","12.9","1.5","8.7","96.6","2496","-10.7","14.5","18.1","1.2",,,,,,,,,,,,,,,,,,,,,,,,,,,,,,,,,,,,,,,,,,,"53.7","96.3","2548","-2","16","16.7","1.2","46.3","87.5","2728","2.8","-4.5","7.6","3.8",,,,,,,
"Fedde, Erick","607200","2024","2891",37.3,"0.3","92.9","2043","-3","10.2","10.7","1.3",,,,,,,,"16.4","87.7","1730","-10.9","3.6","11.9","1.3",,,,,,,,"30.8","93","1989","-9","9.3","13.3","1","32.3","89.9","2150","2.8","7.1","7.8","1.1",,,,,,,,"20.2","83.5","2356","11.7","4.8","13.1","1.3",,,,,,,,,,,,,,,,,,,,,,"63.4","91.4","2071","-3","8.2","10.5","2","20.2","83.5","2356","11.7","4.8","13.1","1.3","16.4","87.7","1730","-10.9","3.6","11.9","1.3"
"Martinez, Nick","607259","2024","2125",58.6,"22.4","92.6","2342","-4.6","17.9","18.6","1.1","6.1","84.9","2428","1.2","2.7","3.3","1.3","21.6","80.1","2105","-12.6","6.8","14.5","1.4","11.9","80.8","2595","-0.1","-13.8","13.9","1.2","17.6","92","2310","-12.9","14.7","19.6","1.1","20.3","89.1","2375","2","11.8","12.1","1.3",,,,,,,,,,,,,,,,,,,,,,,,,,,,,,,,,,,,"60.3","91.2","2344","-4.8","14.9","16.7","2.1","18","82.2","2538","0.3","-8.2","10.3","2.4","21.6","80.1","2105","-12.6","6.8","14.5","1.4"
"Lugo, Seth","607625","2024","3112",32.6,"24","92.2","2367","-6.7","15.4","17","1.6","9.5","86.7","2646","4.2","4.6","6.7","1.7","6.9","87.4","1856","-14.9","4.5","16","1.4","16.1","79.8","3285","14.6","-14.5","20.7","1.7","18.5","92.1","2410","-15.3","8.6","17.6","1.5","8.2","90.1","2440","0.4","11.8","11.9","1.8","2.6","85.8","1435","-10.7","4.5","11.9","1.4","4","81.7","2860","14.1","2.4","14.8","2.2","10.1","78.7","3120","17.8","-7.4","19.4","2",,,,,,,,,,,,,,,"50.7","91.9","2395","-8.7","12.3","16.4","1.8","39.7","81.4","3047","12.9","-6.5","16.4","4","9.6","86.9","1740","-13.8","4.5","14.9","1.6"
"Fried, Max","608331","2024","2762",48.5,"33.6","93.9","2221","-0.1","11","11.3","1.7","5.6","83.6","2616","-5","-4.8","7.5","1.8","13.6","85.7","1421","12.1","4.4","13.2","2","21","74.6","2840","-10.5","-16.8","20","2.1","15.6","93.6","2038","10.6","8.4","13.9","1.6","4.7","87.9","2364","-3.4","2.9","5.4","1.8",,,,,,,,"5.9","80.6","2813","-16","-7.5","17.9","1.8",,,,,,,,,,,,,,,,,,,,,,"53.9","93.2","2180","2.7","9.5","11.5","2.5","32.5","77.3","2797","-10.6","-13.1","17.4","4.6","13.6","85.7","1421","12.1","4.4","13.2","2"
"Wacha, Michael","608379","2024","2602",51.5,"23.8","93.6","2129","-6.6","17.9","19.2","1.4","9.2","84.1","2041","2.7","1.4","4.1","1.7","32.2","81.2","1548","-13","5.4","15.3","1.4","8.1","75.2","2261","12.3","-12","17.3","1.4","15.3","93.6","2029","-12.9","14.5","19.5","1.3","11.4","88.8","2082","1.2","10.2","10.5","1.5",,,,,,,,,,,,,,,,,,,,,,,,,,,,,,,,,,,,"50.4","92.5","2088","-6.8","15.1","17.3","2.7","17.4","79.9","2144","7.2","-4.9","10.3","5.1","32.2","81.2","1548","-13","5.4","15.3","1.4"
"Quantrill, Cal","615698","2024","2643",45.7,,,,,,,,,,,,,,,"1.8","84.9","1564","-11.5","8.2","14.4","1.4","12.6","79.6","2435","2.9","-4.1","5.6","3.1","40.2","93.8","2183","-11","13.9","17.9","1.1","13.5","87.8","2303","2.9","5.1","6.6","1.9","32","86.5","1047","-9.5","4.6","11.3","1.5",,,,,,,,,,,,,,,,,,,,,,,,,,,,,"53.7","92.3","2213","-7.5","11.7","15.1","3.3","12.6","79.6","2435","2.9","-4.1","5.6","3.1","33.8","86.4","1075","-9.6","4.8","11.4","1.6"
"Eflin, Zach","621107","2024","2447",27.2,"8.9","92.4","2197","-8.7","12.6","15.5","1.1","0.2","80.8","2385","4.1","8","9","1.5","6","85.6","1596","-15.2","3","15.8","1.7","18.8","78.8","2496","11.2","-6.5","13.3","1.5","28.3","91.7","2095","-15.8","4.5","16.6","1.2","28.2","88.2","2215","1.4","8.5","9","1.5",,,,,,,,"9.4","79.7","2434","13.2","2.7","13.8","1.4",,,,,,,,,,,,,,,,,,,,,,"65.5","90.3","2161","-7.4","7.4","13.1","2.5","28.5","79.1","2476","11.8","-3.3","13.4","1.6","6","85.6","1596","-15.2","3","15.8","1.7"
"Berríos, José","621244","2024","2914",39.6,"18.3","94.1","2160","-9.5","14.9","17.8","1.5",,,,,,,,"16","84.8","1588","-14.5","4.7","15.5","1.9",,,,,,,,"33.7","93.4","2053","-15.8","11.2","19.5","1.4","3.5","91.4","2257","-1.4","11.4","11.7","1.3",,,,,,,,,,,,,,,"28.6","83.2","2336","15.1","-4.9","16","1.7",,,,,,,,,,,,,,,"55.5","93.5","2101","-12.8","12.4","18.4","1.6","28.6","83.2","2336","15.1","-4.9","16","1.7","16","84.8","1588","-14.5","4.7","15.5","1.9"
"Castillo, Luis","622491","2024","2858",15.3,"45.3","95.6","2153","-12.5","12.2","17.6","1.1","22.4","85.7","2296","0.9","0.8","3.6","1.8","14.3","88.1","1894","-17.2","-0.1","17.3","1.1",,,,,,,,"18","95.6","2011","-18.3","3.9","18.8","1.1",,,,,,,,,,,,,,,,,,,,,,,,,,,,,,,,,,,,,,,,,,,"63.4","95.6","2112","-14.1","9.8","17.9","1.1","22.4","85.7","2296","0.9","0.8","3.6","1.8","14.3","88.1","1894","-17.2","-0.1","17.3","1.1"
"Severino, Luis","622663","2024","2889",40.9,"35.5","96.2","2219","-6.5","15.7","17.1","1.4","7","86.8","2548","7.2","0.8","8.2","1.8","7.5","86.1","1583","-14","7.2","16.1","1.7",,,,,,,,"24.8","95.6","2093","-14.5","11.6","18.7","1.3","8.1","92.6","2297","1.3","7.9","8.5","1.6",,,,,,,,"17.2","85.1","2590","15","2.8","15.8","1.5",,,,,,,,,,,,,,,,,,,,,,"68.3","95.5","2182","-8.4","13.3","16.6","1.9","24.2","85.6","2578","12.7","2.2","13.6","1.8","7.5","86.1","1583","-14","7.2","16.1","1.7"
"Flexen, Chris","623167","2024","2797",70.1,"37","91.3","2144","-1.6","18.2","18.4","1.2","8.7","80","2595","11.1","-3","11.9","1.6","15.7","81.3","1319","-11.7","9.8","15.4","1.4","12.2","72","2576","7.2","-15.7","17.5","1.5","0.2","91.4","2137","-7.5","20.1","21.5","1.5","26.1","87.4","2401","7.6","7.6","11","1.6",,,,,,,,,,,,,,,,,,,,,,,,,,,,,,,,,,,,"63.3","89.7","2250","2.2","13.8","15.4","2.6","21","75.3","2584","8.8","-10.4","15.1","4.6","15.7","81.3","1319","-11.7","9.8","15.4","1.4"
"Suárez, Ranger","624133","2024","2354",41.9,"19.5","91.8","2006","5.3","12.4","13.6","1.1","0.1","81.3","2016","-7.6","-2.5","8","1.5","16.3","80","1231","10.7","1.6","11.2","1.7","20.5","74.4","2174","-11.7","-10","15.5","1.5","31.5","90.8","1904","15.2","5.1","16.2","1.3","12.1","86.5","2065","-3.7","5.2","6.8","1.6",,,,,,,,,,,,,,,,,,,,,,,,,,,,,,,,,,,,"63.1","90.3","1966","8.5","7.3","13.6","2.5","20.6","74.5","2174","-11.6","-10","15.5","1.6","16.3","80","1231","10.7","1.6","11.2","1.7"
"López, Reynaldo","625643","2024","2109",41.9,"55.2","95.5","2073","-7.4","16.4","18.1","1.6","29.4","85","2358","5.5","-1.9","6.2","2","3.8","86.1","1556","-10.2","11","15.4","1.9","11.6","77","2426","7","-7.8","10.7","2.3",,,,,,,,,,,,,,,,,,,,,,,,,,,,,,,,,,,,,,,,,,,,,,,,,,"55.2","95.5","2073","-7.4","16.4","18.1","1.6","41","82.7","2377","5.9","-3.6","7.5","4.6","3.8","86.1","1556","-10.2","11","15.4","1.9"
"Manaea, Sean","640455","2024","2996",22.1,"11.3","92.3","2004","12.3","13.1","18.1","1.9","5.9","85.2","2053","-3.5","6.2","7.4","1.5","11.8","85.3","1504","14.4","3.9","15.3","1.7",,,,,,,,"44.7","92.3","2030","16","9.6","18.8","1.6","7.1","88.4","2043","-0.2","7.6","8","1.6",,,,,,,,"19.2","77.7","2168","-13","1.5","13.4","2.3",,,,,,,,,,,,,,,,,,,,,,"63.2","91.9","2027","13.5","10","17.4","2.2","25.1","79.5","2140","-10.7","2.6","12","4.1","11.8","85.3","1504","14.4","3.9","15.3","1.7"
"López, Pablo","641154","2024","2986",38.3,"40.8","95","2205","-5.6","14.4","15.6","1.3",,,,,,,,"20.1","88.5","2108","-16.8","6.7","18.2","1.4","9.9","82.4","2647","6.6","-10.6","12.7","1.9","7.3","94.5","2105","-14.1","8.4","16.5","1.3",,,,,,,,,,,,,,,"21.9","84.5","2453","12.7","-0.4","13.1","1.4",,,,,,,,,,,,,,,,,,,,,,"48.1","94.9","2189","-6.9","13.5","15.8","1.3","31.8","83.8","2514","10.8","-3.5","13","1.9","20.1","88.5","2108","-16.8","6.7","18.2","1.4"
"Cortes Jr., Nestor","641482","2024","2849",47.1,"44.2","92.1","2309","4.8","19.2","19.9","1.6","0.9","81.4","2443","-2.6","-6.4","7.7","1.6","9.7","83.6","1409","13.7","4.3","14.6","1.5",,,,,,,,"1.4","90.3","2237","12","14.1","18.7","1.5","28","87.5","2411","-4.6","8.6","10.1","2",,,,,,,,"15.8","78.1","2575","-14.9","2.1","15.4","2.4",,,,,,,,,,,,,,,,,,,,,,"73.6","90.3","2347","1.4","15","16.1","3","16.7","78.2","2568","-14.3","1.6","15","2.5","9.7","83.6","1409","13.7","4.3","14.6","1.5"
"Littell, Zack","641793","2024","2485",41.5,"22.1","92.4","2024","-7.1","16.9","18.4","1.3","34.8","86.6","2255","2.5","7.1","7.8","1.3",,,,,,,,,,,,,,,"14.8","91.6","2030","-14.8","13.5","20.1","1.3",,,,,,,,"23.2","83","862","-8.7","1.4","9.6","1.2","5.1","79.5","2244","14.2","-3.7","14.9","1.2",,,,,,,,,,,,,,,,,,,,,,"36.9","92.1","2026","-10.2","15.5","19.1","1.4","39.9","85.7","2253","4","5.7","8.8","2.9","23.2","83","862","-8.7","1.4","9.6","1.2"
"Ober, Bailey","641927","2024","2696",35,"38.1","91.7","2303","-7.9","16.8","18.7","1","11.8","80.3","2018","12.4","-2.3","12.9","1.5","29.4","83.4","2038","-17","5.7","18.1","1.2","1.1","76","2099","8.3","-9.4","12.7","1.4",,,,,,,,"19.5","86.2","2071","3.6","6.4","7.7","1.5",,,,,,,,,,,,,,,,,,,,,,,,,,,,,,,,,,,,"57.6","89.9","2224","-4","13.3","14.9","3.2","13","79.9","2026","12","-2.9","12.9","2","29.4","83.4","2038","-17","5.7","18.1","1.2"
"Peralta, Freddy","642547","2024","3066",36.9,"53.9","94.3","2436","-6.8","16.7","18.1","1.9","21.6","81.5","2345","7.6","2.2","8.9","1.9","17.5","87.7","1731","-15.5","4.3","16.2","1.5","7.1","78.1","2204","4.6","-4.8","6.9","2",,,,,,,,,,,,,,,,,,,,,,,,,,,,,,,,,,,,,,,,,,,,,,,,,,"53.9","94.3","2436","-6.8","16.7","18.1","1.9","28.6","80.6","2310","6.8","0.5","8.4","2.5","17.5","87.7","1731","-15.5","4.3","16.2","1.5"
"King, Michael","650633","2024","2895",29.2,"24.1","93.7","2287","-6","15.1","16.3","1.3","5.6","85.7","2425","3.7","1.6","4.7","1.9","24.6","86.7","2045","-17.6","5","18.4","1.3",,,,,,,,"27.9","92.9","2262","-16.3","5.6","17.4","1.3",,,,,,,,,,,,,,,"17.8","82","2700","15","3.4","15.6","1.9",,,,,,,,,,,,,,,,,,,,,,"52","93.3","2274","-11.5","10","16.9","1.4","23.4","82.9","2634","12.3","2.9","13","2.6","24.6","86.7","2045","-17.6","5","18.4","1.3"
"Civale, Aaron","650644","2024","2699",45.8,"9.9","92","2386","-5","18.3","19.1","1.1","1.4","83.5","2779","6.9","-1.4","7.6","1.5",,,,,,,,"15.6","77.1","3124","13","-17","21.5","1.4","24","92.6","2242","-13.9","12.7","19","1.1","32.2","88.1","2608","3.8","7.6","9","1.3","2","85.6","1973","-16.1","8.5","18.3","1.2","14.9","80.2","2997","17.3","-2.3","17.7","1.4",,,,,,,,,,,,,,,,,,,,,,"66.1","90.3","2441","-4","11.1","14.1","2.7","31.9","78.8","3050","14.7","-9.5","19.1","2.5","2","85.6","1973","-16.1","8.5","18.3","1.2"
"Sánchez, Cristopher","650911","2024","2797",32.2,,,,,,,,"16.9","84.4","2020","-1","-3.2","3.8","1.6","35.7","85.1","2018","17.9","0.6","18","1.3",,,,,,,,"47.3","94.5","2111","17.8","7.5","19.4","1.3","0.1","86.5","1971","0.9","4","4.1","1.5",,,,,,,,,,,,,,,,,,,,,,,,,,,,,,,,,,,,"47.4","94.5","2111","17.7","7.5","19.4","1.3","16.9","84.4","2020","-1","-3.2","3.8","1.6","35.7","85.1","2018","17.9","0.6","18","1.3"
"Canning, Griffin","656288","2024","2869",45.2,"37.6","93.4","2116","-8.1","16.2","18.2","1","24","87.7","2672","-0.1","-1.2","3.1","1.2","26.7","88.6","1770","-16.4","4.3","17.2","1","10.7","80.6","2378","12.3","-6","14","1.2","1","93","2000","-14.2","13","19.4","1.5",,,,,,,,,,,,,,,,,,,,,,,,,,,,,,,,,,,,,,,,,,,"38.6","93.4","2113","-8.3","16.1","18.2","1.1","34.8","85.5","2582","3.7","-2.7","6.5","3.9","26.7","88.6","1770","-16.4","4.3","17.2","1"
"Cease, Dylan","656302","2024","3188",53.4,"43.5","96.9","2557","-2.5","18.4","18.7","1.3","42.9","87.7","2780","2.2","1.9","3.7","1.4","0.9","69.7","1554","-4.3","17.5","18.5","2.4","7.9","82.3","2723","3.1","-15.8","16.3","1.7",,,,,,,,"0.6","91.8","2658","3","6.1","7.4","1.4",,,,,,,,"4.2","82.7","2892","11.1","-11","15.9","1.9",,,,,,,,,,,,,,,,,,,,,,"44.1","96.8","2558","-2.4","18.2","18.5","1.5","55","86.5","2780","3","-1.6","6.4","2.9","0.9","69.7","1554","-4.3","17.5","18.5","2.4"
"Flaherty, Jack","656427","2024","2569",28.3,"44.3","93.3","2257","-4.2","15.4","16.1","1.7","29","84.7","2469","6.7","2.1","7.4","1.4","2.7","85.7","1610","-12.1","5","13.4","1.8","21.8","77.4","2440","13.3","-8.6","15.9","1.6","2.1","90.4","2082","-11.7","8.2","14.4","1.9",,,,,,,,,,,,,,,,,,,,,,,,,,,,,,,,,,,,,,,,,,,"46.4","93.2","2249","-4.5","15.1","16","1.9","50.8","81.6","2456","9.5","-2.5","11","4.4","2.7","85.7","1610","-12.1","5","13.4","1.8"
"Houck, Tanner","656557","2024","2735",22.2,,,,,,,,,,,,,,,,,,,,,,,,,,,,,"32.4","93.5","2191","-16","0.5","16.1","1.3","1.5","87.1","2347","0.5","0.8","2.9","1.4","24.8","88.4","1835","-13.5","-3","14","1.2","41.4","83.2","2534","16.7","-2","17","1.2",,,,,,,,,,,,,,,,,,,,,,"33.8","93.3","2197","-15.3","0.5","15.6","2","41.4","83.2","2534","16.7","-2","17","1.2","24.8","88.4","1835","-13.5","-3","14","1.2"
"Keller, Mitch","656605","2024","2849",34.7,"30.4","94.4","2406","-9.1","14.4","17.2","1.5","9.5","87.5","2496","4.7","0.9","5.4","1.9","0.7","89.8","2082","-16","3.6","16.6","1.4","9.6","78.3","2652","13.4","-13","18.7","1.6","22","93.4","2438","-15","8.4","17.4","1.6","12.2","90.4","2490","3","7.6","8.5","1.7",,,,,,,,"15.5","82.9","2786","17.5","-0.2","17.6","1.7",,,,,,,,,,,,,,,,,,,,,,"64.6","93.3","2433","-8.8","11.1","15.6","2.3","34.6","82.9","2669","12.8","-3.4","14.6","4.2","0.7","89.8","2082","-16","3.6","16.6","1.4"
"Montgomery, Jordan","656756","2024","1929",45.6,"17.3","92.1","2290","5.3","15.1","16.1","1.1","1.8","84.2","2372","-3","3.2","5.2","1.7","19.3","83.1","1606","10.2","11.7","15.8","1.2","30.7","79.2","2312","-4.3","-7.3","8.7","1.3","30.8","91.8","2135","14.8","10.2","18.1","1.2",,,,,,,,,,,,,,,,,,,,,,,,,,,,,,,,,,,,,,,,,,,"48.2","91.9","2191","11.4","12","17.4","1.2","32.5","79.5","2315","-4.2","-6.7","8.5","1.8","19.3","83.1","1606","10.2","11.7","15.8","1.2"
"Peterson, David","656849","2024","1871",40.9,"26.5","93.1","2143","6.6","13.5","15.2","1.6","18.4","85.1","2338","-2.6","-0.4","3.8","1.5","16.4","84.7","1637","14.6","3.6","15.3","1.5","7.6","79.1","2366","-6.1","-9.1","11.2","1.5","31","91.9","2150","14.8","6.8","16.4","1.7",,,,,,,,,,,,,,,,,,,,,,,,,,,,,,,,,,,,,,,,,,,"57.5","92.5","2147","11","9.9","15.8","1.8","26.1","83.3","2346","-3.6","-2.9","5.9","3.3","16.4","84.7","1637","14.6","3.6","15.3","1.5"
"Steele, Justin","657006","2024","2046",45.8,"59.5","91.6","2419","0.2","13.2","13.4","1.5","29.7","83.3","2718","-12.3","0.9","12.6","1.6","3.3","86.2","1636","12.3","7.9","14.8","1.6","2.2","79.9","2726","-10.7","-8.1","13.6","1.6","5.3","91.6","2390","12.3","9.8","15.9","1.6",,,,,,,,,,,,,,,,,,,,,,,,,,,,,,,,,,,,,,,,,,,"64.9","91.6","2417","1.2","12.9","13.6","1.5","31.9","83","2719","-12.2","0.3","12.7","1.9","3.3","86.2","1636","12.3","7.9","14.8","1.6"
"Webb, Logan","657277","2024","3200",22.1,"5.3","92.6","2071","-8.2","10.1","13.2","1.2",,,,,,,,"30.9","87.4","1460","-9.9","-4.8","11.3","1.3",,,,,,,,"39.9","92.6","1938","-15.2","1","15.4","1.2","2.6","91","2236","-1.1","7.6","8","1.1",,,,,,,,"21.3","83.8","2605","16.4","-0.9","16.6","1.2",,,,,,,,,,,,,,,,,,,,,,"47.8","92.5","1969","-13.6","2.4","14.7","1.2","21.3","83.8","2605","16.4","-0.9","16.6","1.2","30.9","87.4","1460","-9.9","-4.8","11.3","1.3"
"Ryan, Joe","657746","2024","2106",25.7,"48.5","94","2276","-11.8","13.8","18.3","1.2","7.1","87.1","2411","2.6","4.4","5.9","1.8",,,,,,,,,,,,,,,"6","92.9","1955","-15.9","7.3","17.6","1.5",,,,,,,,"22.2","88.5","2007","-14.3","0.2","14.5","1.4","16.2","81.3","2728","15","2.4","15.4","1.7",,,,,,,,,,,,,,,,,,,,,,"54.5","93.9","2239","-12.2","13.1","18.2","1.3","23.3","83.1","2633","11.2","3","12.5","3.4","22.2","88.5","2007","-14.3","0.2","14.5","1.4"
"Gil, Luis","661563","2024","2664",35.9,"48.8","96.6","2438","-5.6","17.2","18.3","1.6","25.9","87.5","2506","5.7","6.8","9.9","2.1","25.3","91.6","1722","-15.1","5.2","16.3","1.8",,,,,,,,,,,,,,,,,,,,,,,,,,,,,,,,,,,,,,,,,,,,,,,,,,,,,,,,,"48.8","96.6","2438","-5.6","17.2","18.3","1.6","25.9","87.5","2506","5.7","6.8","9.9","2.1","25.3","91.6","1722","-15.1","5.2","16.3","1.8"
"Waldron, Matt","663362","2024","2450",28.6,"19.1","90.7","2061","-9.1","14.2","17","1.4",,,,,,,,,,,,,,,,,,,,,,"14.3","90","1972","-15.7","8","17.8","1.4","8.6","87","2195","0.8","9.5","9.8","1.3",,,,,,,,"19.8","79.3","2188","13.3","4.6","14.3","1.7",,,,,,,,,,,,,,,,,,,,,,"42","89.7","2058","-9.3","11.2","15.8","2.1","58","78.2","941","0.9","-0.7","11.5","2.8",,,,,,,
"Feltner, Ryan","663372","2024","2577",42,"37","94.6","2351","-5.3","13.3","14.4","1.4","20.5","88.6","2461","4.1","4.9","6.8","1.5","14.7","85.2","1590","-5.5","5","7.7","1.4","10.1","79.2","2662","9.4","-8.4","12.9","1.3","12.7","94.2","2264","-13.2","8.4","15.8","1.3",,,,,,,,,,,,,,,"5","82.7","2453","11.7","1.7","12.4","1.6",,,,,,,,,,,,,,,,,,,,,,"49.7","94.5","2329","-7.3","12","14.8","1.4","35.6","85.1","2517","6.7","0.7","9.3","4.9","14.7","85.2","1590","-5.5","5","7.7","1.4"
"Falter, Bailey","663559","2024","2137",56,"48.5","91.8","2031","2.7","17.7","18","1.2","21.6","86.1","1978","-3.3","6.3","7.6","1.4",,,,,,,,"15.2","77.7","1888","-3.7","-3.5","5.4","2.1","14.2","92","1928","8.2","16.9","18.8","1.2",,,,,,,,"0.6","86.9","1530","7.3","15","16.8","1.5",,,,,,,,,,,,,,,,,,,,,,,,,,,,,"62.7","91.9","2008","3.9","17.5","18.2","1.1","36.8","82.6","1941","-3.5","2.2","6.7","4.9","0.6","86.9","1530","7.3","15","16.8","1.5"
"Irvin, Jake","663623","2024","3046",28.6,"37.9","93.9","2377","-10.1","14.3","17.7","1.4","0.3","85.9","2578","6","2.8","6.9","1.4","3.5","88.4","2225","-16","4.6","16.8","1.7","31.3","81.1","2534","12","-3","12.8","1.8","20.5","93.3","2300","-16.5","6.6","17.9","1.7","6.5","89.9","2551","-0.5","7.6","8","1.6",,,,,,,,,,,,,,,,,,,,,,,,,,,,,,,,,,,,"64.9","93.3","2370","-11.2","11.2","16.8","2.1","31.6","81.1","2534","12","-2.9","12.7","1.9","3.5","88.4","2225","-16","4.6","16.8","1.7"
"Singer, Brady","663903","2024","2966",27.8,"11.3","91.6","2361","-5.9","13.4","14.8","1.2","40.3","83","2407","4.5","-1","5.2","1.4","1.9","88.1","2077","-14.7","5.6","15.9","1.4",,,,,,,,"41.3","92.2","2277","-14.3","9.6","17.3","1",,,,,,,,,,,,,,,"5.2","82.1","2426","10.7","2.5","11.4","1.3",,,,,,,,,,,,,,,,,,,,,,"52.6","92.1","2295","-12.5","10.4","16.8","1.1","45.5","82.9","2409","5.2","-0.6","5.9","1.4","1.9","88.1","2077","-14.7","5.6","15.9","1.4"
"Valdez, Framber","664285","2024","2598",42.7,"1.2","94.5","2152","10.1","6.6","12.6","1.6","4.3","85.1","2564","-3","-1.7","5.4","2.1","17.5","89.9","1677","14.8","1","15.1","2.1","31.3","79.7","2905","-11.1","-14.6","18.5","1.6","45.8","94.1","2153","16.6","6.3","17.9","2",,,,,,,,,,,,,,,,,,,,,,,,,,,,,,,,,,,,,,,,,,,"46.9","94.1","2153","16.4","6.3","17.8","2","35.6","80.3","2863","-10.1","-13.1","16.9","2.6","17.5","89.9","1677","14.8","1","15.1","2.1"
"Kremer, Dean","665152","2024","2171",41,"32.1","93.4","2274","-7.8","17.9","19.6","1.3",,,,,,,,,,,,,,,"11.4","77","2780","8.6","-14.2","16.8","1.6","15","92.3","2114","-14.6","12.3","19.2","1.5","23","86.9","2395","5.5","5.6","8.2","1.4","18.5","84.1","1017","-8.9","7.7","12.4","1.2",,,,,,,,,,,,,,,,,,,,,,,,,,,,,"70.1","91","2280","-4.9","12.7","15.8","3.5","11.4","77","2780","8.6","-14.2","16.8","1.6","18.5","84.1","1017","-8.9","7.7","12.4","1.2"
"Assad, Javier","665871","2024","2538",54.8,"15.8","91.5","2034","-5.6","16.5","17.6","1.7","1.7","81.1","2335","7.2","-1.1","7.7","1.9","4.6","83.7","1434","-12.7","8.2","15.3","1.9","11.6","76.8","2440","11.1","-9.8","15.1","1.8","35.7","91.4","1896","-13.6","11","17.7","1.6","21.6","87.9","2047","3.6","8.5","9.5","1.5",,,,,,,,"9","79.9","2398","15","0","15.2","1.5",,,,,,,,,,,,,,,,,,,,,,"73.1","90.4","1970","-6.8","11.5","15.2","2.4","22.3","78.4","2415","12.4","-5.2","14.6","2.6","4.6","83.7","1434","-12.7","8.2","15.3","1.9"
"Ragans, Cole","666142","2024","3118",45.1,"41.8","95.4","2553","12.6","17.3","21.5","1.8","12.8","86","2542","-0.9","0.4","3","1.9","23.7","84.8","2161","16","12.3","20.3","1.8","10.4","80.8","2471","-10.2","-12.7","16.5","1.7",,,,,,,,"11.3","90.8","2503","1","9.8","10.1","2.2",,,,,,,,,,,,,,,,,,,,,,,,,,,,,,,,,,,,"53.1","94.4","2542","10.1","15.7","19.1","2.9","23.2","83.6","2510","-5.1","-5.5","9","3.4","23.7","84.8","2161","16","12.3","20.3","1.8"
"Gallen, Zac","668678","2024","2506",41.2,"46.3","93.7","2291","-4.7","16.9","17.7","1.7","8.7","86.9","2450","5.4","3","6.9","1.7","14","86.6","1533","-11.8","5","13.2","1.5","27.7","81","2419","4.8","-11.1","12.3","1.6","0.1","94.7","2377","-10.8","20.7","23.4","1.5","3.1","90.3","2394","3.5","9.4","10.3","1.3",,,,,,,,,,,,,,,,,,,,,,,,,,,,,,,,,,,,"49.5","93.5","2298","-4.2","16.5","17.3","1.9","36.5","82.4","2427","4.9","-7.7","11","3.3","14","86.6","1533","-11.8","5","13.2","1.5"
"Greene, Hunter","668881","2024","2563",32,"55.2","97.6","2379","-8.9","16.6","18.9","1.5","34.6","86.8","2378","6.1","3.9","7.9","1.8",,,,,,,,"1.8","80.9","2377","11.6","-0.8","12.1","1.9",,,,,,,,,,,,,,,"8.3","87","1202","-9.1","4.4","10.7","1.5",,,,,,,,,,,,,,,,,,,,,,,,,,,,,"55.2","97.6","2379","-8.9","16.6","18.9","1.5","36.4","86.5","2378","6.4","3.7","8.1","2.3","8.3","87","1202","-9.1","4.4","10.7","1.5"
"Myers, Tobias","668964","2024","2152",60.6,"40.1","92.9","2223","-5","19.1","19.9","1.6","21","85.5","2101","4.2","3.4","5.8","1.6","11.4","81.1","1856","-11.7","12.5","17.2","1.8","4.1","77.8","2367","1.8","-7.1","7.7","1.9","0.5","91.5","2287","-10","18.8","21.4","1.4","23","89.2","2212","3.3","12.5","13.2","1.5",,,,,,,,,,,,,,,,,,,,,,,,,,,,,,,,,,,,"63.5","91.6","2220","-2","16.7","17.5","2.5","25.1","84.2","2145","3.8","1.6","6.1","3.6","11.4","81.1","1856","-11.7","12.5","17.2","1.8"
"Gore, MacKenzie","669022","2024","2994",47.2,"55.3","96","2309","5.9","17.6","18.7","1.2","14.3","91.1","2026","-1.3","8.6","8.9","1.4","9.3","85.9","2018","12.4","9.4","15.7","1.3","19.6","82.8","2397","-0.5","-10.2","10.5","1.9",,,,,,,,,,,,,,,,,,,,,,"1.6","86.3","2194","-3.9","1.2","5.4","1.4",,,,,,,,,,,,,,,,,,,,,,"55.3","96","2309","5.9","17.6","18.7","1.2","35.4","86.3","2238","-1","-2.1","9.6","4.8","9.3","85.9","2018","12.4","9.4","15.7","1.3"
"Nelson, Ryne","669194","2024","2406",47.6,"55.7","95.2","2216","-5.7","18.3","19.3","1.5","8.5","84.2","2463","5.5","-1.8","6.4","2.3","9.9","83","1960","-15.2","10.1","18.4","1.7","5.7","77.8","2441","9.2","-7.8","12.4","1.5",,,,,,,,"18.4","91.2","2200","1.2","8.4","9","1.5",,,,,,,,"1.8","82.3","2551","11.5","0.1","11.7","1.6",,,,,,,,,,,,,,,,,,,,,,"74.1","94.2","2212","-4","15.9","16.8","2.4","16","81.7","2465","7.5","-3.7","9.2","3.8","9.9","83","1960","-15.2","10.1","18.4","1.7"
"Burnes, Corbin","669203","2024","2995",43.7,,,,,,,,"12.8","87.6","2982","8.3","-1.1","9","2","11.1","89.2","2037","-14.1","6.9","15.9","1.2","21.5","80.3","2877","10","-12.9","16.4","1.8","7.8","97","2510","-12.2","10.3","16.1","1.2","45","95.3","2738","2.4","12.5","13","1.4",,,,,,,,"1.8","84.2","2968","17.2","-0.8","17.5","1.6",,,,,,,,,,,,,,,,,,,,,,"52.8","95.5","2704","0.3","12.2","13.5","1.5","36.2","83.1","2919","9.8","-8.1","13.8","4.3","11.1","89.2","2037","-14.1","6.9","15.9","1.2"
"Gilbert, Logan","669302","2024","3041",43.9,"30.8","96.6","2034","-7.1","16.2","17.8","1.4","32","88.4","1908","1","-0.1","2.2","1.6",,,,,,,,"11.8","83.2","2278","13.5","-3.9","14.3","1.7","1.5","95.5","1955","-15","10.5","18.5","1.6","10.6","92.3","2245","3","11.8","12.5","1.4","13.4","84.5","640","-5.9","0.5","7.9","1.6",,,,,,,,,,,,,,,,,,,,,,,,,,,,,"42.8","95.5","2084","-4.9","14.9","16.5","2.5","43.8","87","2008","4.4","-1.1","5.5","3.1","13.4","84.5","640","-5.9","0.5","7.9","1.6"
"Skubal, Tarik","669373","2024","2838",48.3,"33.2","96.8","2226","6.5","16.3","17.6","1.6","14.9","88.7","2106","-2.3","6","6.8","1.9","27.2","86.3","1686","14.9","6","16.3","2","4.2","78.5","2322","-5.6","-7.8","9.9","1.5","20.5","96.6","2116","14.5","12.3","19.1","1.4",,,,,,,,,,,,,,,,,,,,,,,,,,,,,,,,,,,,,,,,,,,"53.7","96.8","2184","9.6","14.7","18.2","1.5","19.1","86.5","2155","-3","3","7.5","5","27.2","86.3","1686","14.9","6","16.3","2"
"Rogers, Trevor","669432","2024","2243",22.7,"31.7","91.9","2432","11.9","14.8","19.1","1.5","20.6","82.4","2248","-3.8","5.1","6.8","2","23.8","85.6","1626","14.4","0.2","14.6","1.5",,,,,,,,"24","91.5","2366","17.9","7.7","19.6","1.5",,,,,,,,,,,,,,,,,,,,,,,,,,,,,,,,,,,,,,,,,,,"55.6","91.7","2403","14.4","11.8","19.3","1.5","20.6","82.4","2248","-3.8","5.1","6.8","2","23.8","85.6","1626","14.4","0.2","14.6","1.5"
"Pallante, Andre","669467","2024","1934",58.8,"51.1","94.5","2246","-0.1","9.5","9.8","1.4","17.2","87.5","2371","4.9","-1.6","5.8","1.9",,,,,,,,"12.6","79.5","2817","4.2","-15.6","16.3","2","19","94.8","2118","-10.5","14.6","18.1","1.5",,,,,,,,,,,,,,,,,,,,,,,,,,,,,,,,,,,,,,,,,,,"70.2","94.6","2211","-2.9","10.9","12","1.5","29.8","84.1","2560","4.6","-7.5","10.2","4.7",,,,,,,
"Blanco, Ronel","669854","2024","2751",46.5,"38.3","93.4","2228","-7.3","18.5","20","1.1","30.2","86.4","2091","2.2","7.7","8.3","1.4","22.1","85.2","1485","-13.4","5.3","14.8","1.4","9.4","80.1","2258","9.5","-1.5","10.2","1.6",,,,,,,,,,,,,,,,,,,,,,,,,,,,,,,,,,,,,,,,,,,,,,,,,,"38.3","93.4","2228","-7.3","18.5","20","1.1","39.5","84.9","2131","3.9","5.5","8.7","3.3","22.1","85.2","1485","-13.4","5.3","14.8","1.4"
"Kirby, George","669923","2024","2967",36.6,"33.9","96","2231","-9.3","15.8","18.4","1.2","23.7","87.2","2364","7.7","-2.6","8.6","1.5",,,,,,,,"8.2","83.4","2466","8.6","-14","16.7","1.8","23.6","96","2222","-15.8","11.6","19.7","1.2","0.4","92.3","2301","1","8.5","8.8","1.4","10.2","86","946","-9.6","1.4","10.6","1.3",,,,,,,,,,,,,,,,,,,,,,,,,,,,,"57.9","96","2228","-11.9","14.1","18.9","1.3","31.9","86.2","2388","7.9","-5.5","10.7","2.5","10.2","86","946","-9.6","1.4","10.6","1.3"
"Abbott, Andrew","671096","2024","2333",45,"53.5","92.8","2254","8.9","16.3","18.7","1","0.2","85.1","2613","-4.5","11","12.1","1.5","16.3","84.8","2115","14.8","12.5","19.5","1.1","11.6","80.8","2790","-8.8","-4.1","10","1.3",,,,,,,,,,,,,,,,,,,,,,"18.3","82.9","2730","-12.6","4.4","13.9","1.5",,,,,,,,,,,,,,,,,,,,,,"53.5","92.8","2254","8.9","16.3","18.7","1","30.1","82.1","2752","-11.1","1.2","12.4","1.8","16.3","84.8","2115","14.8","12.5","19.5","1.1"
"Bradley, Taj","671737","2024","2294",54.4,"41.7","96.4","2304","-5.7","18.7","19.6","1.4",,,,,,,,,,,,,,,"8.9","79.1","2524","6.9","-17.5","18.9","1.7",,,,,,,,"22.5","90.9","2265","4.5","6.2","8.1","1.5","26.9","90.9","1485","-10.7","5.5","12.4","1.5",,,,,,,,,,,,,,,,,,,,,,,,,,,,,"64.2","94.4","2291","-2.1","14.3","15.6","3.3","8.9","79.1","2524","6.9","-17.5","18.9","1.7","26.9","90.9","1485","-10.7","5.5","12.4","1.5"
"Bibee, Tanner","676440","2024","2851",51.2,"43.4","94.6","2361","-4.2","15.8","16.5","1.4","6.9","83.2","2679","14.9","0","15.1","1.4","18","82.5","1992","-13.7","11.5","18","1.4","6.9","80.6","2679","14","-5.7","15.6","1.9","0.3","93.9","2058","-14.1","8.3","16.5","1.4","24.5","86.5","2742","8.3","3.9","9.7","1.5",,,,,,,,,,,,,,,,,,,,,,,,,,,,,,,,,,,,"68.2","91.7","2497","0.2","11.5","14.1","4.6","13.9","81.9","2679","14.4","-2.9","15.3","2.2","18","82.5","1992","-13.7","11.5","18","1.4"
"Sears, JP","676664","2024","2856",21.4,"36.3","91.9","2087","11.6","14.8","18.9","1.2","9.8","79.3","2385","-6.6","7.9","10.7","1.3","19.2","84","1675","16.6","2.5","16.9","1.3",,,,,,,,"10.6","90","1886","16.1","6.1","17.4","1.1",,,,,,,,,,,,,,,"24.1","78.7","2430","-13.4","4.2","14.4","1.3",,,,,,,,,,,,,,,,,,,,,,"46.9","91.5","2042","12.6","12.8","18.6","1.5","33.9","78.9","2417","-11.4","5.2","13.3","1.3","19.2","84","1675","16.6","2.5","16.9","1.3"
"Crawford, Kutter","676710","2024","2823",47.7,"33.7","92.6","2505","-7.6","19.7","21.2","1.1",,,,,,,,,,,,,,,"7.2","77.3","2198","7.9","-13.7","16","1.4",,,,,,,,"32.1","87.5","2493","5.1","8.6","10.2","1.2","8.6","82.4","1102","-7.1","8.8","12.4","1.2","18.5","80.8","2271","12.8","1.7","13.4","1.2",,,,,,,,,,,,,,,,,,,,,,"65.8","90.1","2499","-1.4","14.3","15.8","3.1","25.6","79.8","2251","11.4","-2.6","14.1","2.1","8.6","82.4","1102","-7.1","8.8","12.4","1.2"
"Crochet, Garrett","676979","2024","2395",37.6,"53.7","97.2","2500","8.1","15.6","17.7","1.4",,,,,,,,"5.9","91","2082","15.9","9","18.4","1.5",,,,,,,,"2.1","97.9","2519","15.5","7.9","17.5","1.4","28.5","91.5","2603","-3.8","5.8","7.6","2.1",,,,,,,,"9.7","84.2","2455","-14.4","-0.5","14.7","1.7",,,,,,,,,,,,,,,,,,,,,,"84.3","95.3","2535","4.3","12.1","14.3","3.5","9.7","84.2","2455","-14.4","-0.5","14.7","1.7","5.9","91","2082","15.9","9","18.4","1.5"
"Bello, Brayan","678394","2024","2710",28.2,"4.8","95.6","2192","-8.9","12.6","15.6","1.3","28","86.8","2364","7.8","-0.7","8.5","1.3","26.9","87.6","1810","-16.1","3.2","16.6","1.5",,,,,,,,"40.3","95.7","2045","-17.2","4","17.9","1.3",,,,,,,,,,,,,,,,,,,,,,,,,,,,,,,,,,,,,,,,,,,"45","95.7","2061","-16.4","4.9","17.6","1.3","28","86.8","2364","7.8","-0.7","8.5","1.3","26.9","87.6","1810","-16.1","3.2","16.6","1.5"
"Marsh, Alec","679525","2024","2161",32.3,"37","94.2","2498","-9.6","15","17.9","1.4","17.9","86.6","2464","3.3","0.5","4.3","1.4","10","86.3","1748","-14.7","3.5","15.5","1.4","16.4","82.8","2509","7.5","-7.2","10.7","1.4","13.8","93.6","2392","-16.8","7.1","18.4","1.3",,,,,,,,,,,,,,,"4.9","86.1","2478","11","-1.8","11.5","1.4",,,,,,,,,,,,,,,,,,,,,,"50.8","94","2469","-11.6","12.8","18","1.4","39.2","84.9","2485","6","-3","7.9","2.5","10","86.3","1748","-14.7","3.5","15.5","1.4"
"Woods Richardson, Simeon","680573","2024","2295",46.8,"40.3","93.1","2186","-5.8","17.5","18.6","1.6","31.2","86.4","2302","6.2","7.1","9.8","1.7","19.3","82.8","2271","-15.4","9.8","18.4","1.7","9.3","76.1","2599","5.5","-14.8","16.1","1.9",,,,,,,,,,,,,,,,,,,,,,,,,,,,,,,,,,,,,,,,,,,,,,,,,,"40.3","93.1","2186","-5.8","17.5","18.6","1.6","40.5","84","2370","6","2.1","11.3","5.1","19.3","82.8","2271","-15.4","9.8","18.4","1.7"
"Parker, Mitchell","680730","2024","2404",52.1,"48.6","92.5","2191","5.2","17.6","18.5","1.3","9.8","84.5","2295","-5.7","3.4","7.5","1.3",,,,,,,,"22.5","80.5","2266","-2.4","-8","8.5","1.3",,,,,,,,,,,,,,,"19.1","85.6","1000","6.9","8.3","12","1.4",,,,,,,,,,,,,,,,,,,,,,,,,,,,,"48.6","92.5","2191","5.2","17.6","18.5","1.3","32.4","81.7","2275","-3.4","-4.5","8.2","2.4","19.1","85.6","1000","6.9","8.3","12","1.4"
"Arrighetti, Spencer","681293","2024","2505",24.6,"41","94.1","2306","-11.9","15.3","19.5","1.3","0.1","82.9","2562","6.2","9.5","11.4","1.5","8.6","85.5","1675","-15","5","16.3","1.6","19.9","78.4","2811","14.6","-8.7","17.2","1.5",,,,,,,,"19.6","88.1","2498","3.2","8.1","9.4","1.9",,,,,,,,"10.8","80.8","2800","14.7","1.7","15.2","1.6",,,,,,,,,,,,,,,,,,,,,,"60.6","92.2","2368","-7","12.9","16.2","3.5","30.8","79.3","2806","14.6","-5","16.4","2","8.6","85.5","1675","-15","5","16.3","1.6"
"Miller, Bryce","682243","2024","2749",43.1,"42.3","95.2","2484","-6.3","18.3","19.5","1","8.3","86.6","2542","3.2","1.3","4.3","1.2",,,,,,,,"4.4","85","2332","1.7","-6.8","7.2","1.3","17.1","94.7","2408","-16","10.9","19.5","1","2.3","92.1","2552","0.3","13.5","13.7","1.6","17.1","84.4","912","-9.9","0.4","11.1","1.5","8.5","82.4","2258","14.8","-5.3","15.9","1.8",,,,,,,,,,,,,,,,,,,,,,"61.7","94.9","2465","-8.8","16.1","19.3","1.2","21.3","84.6","2384","7.5","-3","9.5","2.5","17.1","84.4","912","-9.9","0.4","11.1","1.5"
"Ortiz, Luis","682847","2024","2143",21.8,"26.8","95.9","2278","-11.4","11.3","16.2","1.2","26.8","85.8","2440","6.6","2.1","7.8","1.5","0.9","90.6","1764","-16","4.5","16.8","1.3",,,,,,,,"25.8","94.9","2279","-15.7","3.2","16.2","1.3","19.7","91","2403","0.6","7.4","7.8","1.5",,,,,,,,,,,,,,,,,,,,,,,,,,,,,,,,,,,,"72.2","94.2","2312","-9.6","7.4","13.9","2.6","26.8","85.8","2440","6.6","2.1","7.8","1.5","0.9","90.6","1764","-16","4.5","16.8","1.3"
"Jones, Jared","683003","2024","1912",44.6,"49.3","97.3","2536","-8.4","17.1","19.2","1.7","34.8","88.8","2584","3.8","2.5","5.2","1.8","6.6","89.9","1740","-11.8","5.6","13.4","1.8","9.3","81.5","2686","6.3","-10.7","12.6","2.2",,,,,,,,,,,,,,,,,,,,,,,,,,,,,,,,,,,,,,,,,,,,,,,,,,"49.3","97.3","2536","-8.4","17.1","19.2","1.7","44.1","87.2","2606","4.3","-0.3","6.7","3.9","6.6","89.9","1740","-11.8","5.6","13.4","1.8"
"Estes, Joey","683155","2024","2027",37.3,"51.7","92.4","2373","-9.6","16.6","19.2","1.3","13.6","81.7","2481","5.6","0.3","6.4","1.8","11.1","84.8","1661","-14.6","8.8","17.2","1.5",,,,,,,,"3.4","90.8","2220","-15.7","12.5","20.1","1.5","0.7","86.4","2579","3.8","6.9","8.1","1.3",,,,,,,,"19.5","78.2","2605","15.5","6.1","17.1","1.6",,,,,,,,,,,,,,,,,,,,,,"55.7","92.2","2366","-9.8","16.2","19.2","1.6","33.2","79.6","2554","11.5","3.7","12.7","2.6","11.1","84.8","1661","-14.6","8.8","17.2","1.5"
"Imanaga, Shota","684007","2024","2590",39.5,"52","91.7","2442","10.2","18.3","21","1.3",,,,,,,,"3.9","81.6","1666","11.9","9.6","15.5","1.5","3.3","72.5","2414","-8.9","-12.6","15.6","2.3","2.1","88.7","1814","14.8","9","17.4","1.3","0.5","89.8","2387","0.4","13.8","13.9","1.4","30.6","82.9","1119","10.3","6.7","12.5","1.1","7.7","81.6","2489","-9.9","3.3","11.1","1.4",,,,,,,,,,,,,,,,,,,,,,"54.6","91.5","2418","10.3","17.9","20.8","1.5","11","78.9","2467","-9.6","-1.5","12.4","4.7","34.5","82.8","1181","10.5","7","12.8","1.2"
"Cannon, Jonathan","686563","2024","2028",25.1,"12.3","94.3","2195","-9.1","13.9","16.8","1.4",,,,,,,,"18.7","85.7","1710","-13.9","0.6","14.3","1.2",,,,,,,,"28","93.3","2084","-15.4","4.7","16.3","1.2","19.2","90.2","2300","-1.7","8.1","8.8","1.4",,,,,,,,"21.8","81.9","2594","12.5","2.5","13.1","1.3",,,,,,,,,,,,,,,,,,,,,,"59.5","92.5","2177","-9.7","7.7","14","2.3","21.8","81.9","2594","12.5","2.5","13.1","1.3","18.7","85.7","1710","-13.9","0.6","14.3","1.2"
"Brown, Hunter","686613","2024","2889",57.4,"34.8","96","2296","-5.1","17.5","18.4","1.5","5.3","89.2","2158","3.8","4.3","6.1","1.6","12.6","88.4","1465","-14","8.9","16.7","1.5","12.5","82.9","2486","4.7","-15.2","16.1","2","18.1","95.6","2154","-13.6","13.5","19.3","1.3","16.8","92.4","2309","3.3","10","10.8","1.6",,,,,,,,,,,,,,,,,,,,,,,,,,,,,,,,,,,,"69.6","95","2263","-5.3","14.6","16.8","2.2","17.8","84.8","2385","4.4","-9.4","13.1","3.7","12.6","88.4","1465","-14","8.9","16.7","1.5"
"Pepiot, Ryan","686752","2024","2149",41.8,"50.6","94.9","2379","-8.8","19.4","21.4","1.1","17.3","89","2527","6.4","8.3","10.9","1.5","23.5","85.8","2477","-15.4","2.3","15.8","1.2","2.7","80.6","2583","15.8","-10.4","19.1","1.4",,,,,,,,"6","91.6","2474","2.9","13.9","14.3","1.2",,,,,,,,,,,,,,,,,,,,,,,,,,,,,,,,,,,,"56.6","94.6","2389","-7.6","18.8","20.7","1.6","20","87.9","2535","7.7","5.7","12","3.4","23.5","85.8","2477","-15.4","2.3","15.8","1.2"
"Spence, Mitch","687765","2024","2480",47.4,,,,,,,,"32.7","84.3","2761","14.8","-0.6","15.1","1.2","1.1","88.4","1449","-8.9","3.6","9.8","1.5","12.1","80.4","2805","11.3","-13.2","17.5","1.7","14.6","91.9","1729","-8.2","5","10.1","1.6","39.6","90.7","2590","3.8","5.7","7.2","1.4",,,,,,,,,,,,,,,,,,,,,,,,,,,,,,,,,,,,"54.2","91","2358","0.5","5.5","8","1.6","44.7","83.2","2773","13.8","-4","15.8","2.3","1.1","88.4","1449","-8.9","3.6","9.8","1.5"
"Harrison, Kyle","690986","2024","2078",23.7,"57.7","92.5","2203","14.7","10.8","18.3","1.4","0.3","88.2","2165","1.5","4.1","4.9","1.5","19.7","84.8","1946","16.4","1","16.6","1.7","0","73.7","1784","-5.6","-10.4","11.8",,,,,,,,,,,,,,,,,,,,,,,,,,,,,,"22.3","80.6","1978","-8.7","-4.6","10.4","1.9",,,,,,,,,,,,,,,"57.7","92.5","2203","14.7","10.8","18.3","1.4","22.6","80.7","1980","-8.5","-4.5","10.3","2.1","19.7","84.8","1946","16.4","1","16.6","1.7"
"Pfaadt, Brandon","694297","2024","2792",27.7,"33.4","93.8","2557","-5.6","14.8","16","1.3",,,,,,,,"11.2","87.5","2073","-15.5","3.7","16.1","1.4","5.3","80.8","2599","12.8","-8.2","15.6","1.6","22.2","93.7","2397","-15.1","6.6","16.6","1.4",,,,,,,,"0.6","89.6","1641","-4.1","8","9.4","1.4","27.3","84.8","2838","11.3","6.5","13.4","1.3",,,,,,,,,,,,,,,,,,,,,,"55.6","93.8","2493","-9.4","11.6","16.3","1.4","32.6","84.2","2799","11.6","4.1","13.7","2.1","11.8","87.6","2052","-14.9","3.9","15.8","1.5"
"Stone, Gavin","694813","2024","2152",47,"24.7","94.9","2234","-8.4","16.3","18.4","1.3","14.8","88.8","2084","2.4","1.2","3.5","1.5","26.6","87.5","1665","-13.8","5.5","15.1","1.3","4.2","83.3","2319","2.7","-6.2","7.1","1.6","22.6","95.3","2103","-14.7","12.5","19.4","1.3","5.3","92.3","2342","-1.6","11.6","12","1.3",,,,,,,,"1.7","87.7","2242","8.6","-0.5","9.1","1.4",,,,,,,,,,,,,,,,,,,,,,"52.6","94.8","2189","-10.4","14.2","18.2","1.6","20.7","87.6","2145","2.9","-0.5","4.7","2.8","26.6","87.5","1665","-13.8","5.5","15.1","1.3"
"Skenes, Paul","694973","2024","2125",23.3,"39.2","98.8","2244","-14.4","10.6","18","1.2","6.1","86.5","2325","1.6","6.8","7.8","1.4","5.4","87.3","2044","-17.5","3.5","17.9","1.2","10.8","83","2510","7.1","-3.9","8.3","1.7","28.4","94","1760","-14","0.7","14.4","1.2",,,,,,,,,,,,,,,"10.1","84.7","2347","11.5","5.6","13","1.5",,,,,,,,,,,,,,,,,,,,,,"67.6","96.8","2041","-14.2","6.5","16.5","2.9","27","84.4","2407","7.5","2","9.9","2.2","5.4","87.3","2044","-17.5","3.5","17.9","1.2"